pdf,page,x0,y0,x1,y1,text,is_all_caps,is_title_case,is_numbered,has_colon,has_bullet,length,word_count,avg_font_size,most_common_font,is_bold,is_italic,rel_font_size,is_centered,space_before,space_after
business_meta_2023.pdf,1,177.1199951171875,30.20000648498535,446.511962890625,52.23200607299805,Meta Platforms Annual Report 2023,0,1,0,0,0,33,5,16.0,Helvetica-Bold,1,0,1.2549019607843137,0,30.20000648498535,33.36800765991211
business_meta_2023.pdf,1,31.190000534057617,85.60001373291016,164.24600219726562,104.87802124023438,Executive Summary,0,1,0,0,0,17,2,14.0,Helvetica-Bold,1,0,1.0980392156862746,0,33.36800765991211,14.801994323730469
business_meta_2023.pdf,1,31.190000534057617,119.68001556396484,564.0960083007812,150.33799743652344,This report provides comprehensive analysis of Meta Platforms Annual Report 2023 including,0,0,0,0,0,90,12,12.0,Helvetica,0,0,0.9411764705882353,1,14.801994323730469,16.172042846679688
business_meta_2023.pdf,1,31.190000534057617,119.68001556396484,564.0960083007812,150.33799743652344,financial performance and strategic initiatives.,0,0,0,0,0,48,5,12.0,Helvetica,0,0,0.9411764705882353,0,14.801994323730469,16.172042846679688
business_meta_2023.pdf,1,31.190000534057617,166.51004028320312,135.90199279785156,183.03404235839844,Financial Analysis,0,1,0,0,0,18,2,12.0,Helvetica-Bold,1,0,0.9411764705882353,0,16.172042846679688,16.015975952148438
business_meta_2023.pdf,1,31.190000534057617,199.05001831054688,468.7099304199219,215.5380096435547,Detailed financial metrics and performance indicators are analyzed and presented.,0,0,0,0,0,81,10,12.0,Helvetica,0,0,0.9411764705882353,0,16.015975952148438,16.171981811523438
business_meta_2023.pdf,1,31.190000534057617,231.70999145507812,131.20999145507812,248.23399353027344,Strategic Outlook,0,1,0,0,0,17,2,12.0,Helvetica-Bold,1,0,0.9411764705882353,0,16.171981811523438,16.016036987304688
business_meta_2023.pdf,1,31.190000534057617,264.2500305175781,458.05389404296875,280.738037109375,Future strategic direction and market opportunities are evaluated and discussed.,0,0,0,0,0,80,10,12.0,Helvetica,0,0,0.9411764705882353,0,16.016036987304688,561.1519775390625
