pdf,page,x0,y0,x1,y1,text,is_all_caps,is_title_case,is_numbered,has_colon,has_bullet,length,word_count,avg_font_size,most_common_font,is_bold,is_italic,rel_font_size,is_centered,space_before,space_after
chemistry_organic_8.pdf,1,197.1199951171875,30.20000648498535,426.511962890625,52.23200607299805,Green Chemistry Applications,0,1,0,0,0,28,3,16.0,Helvetica-Bold,1,0,1.2444444444444445,0,30.20000648498535,33.36800765991211
chemistry_organic_8.pdf,1,31.190000534057617,85.60001373291016,112.85200500488281,104.87802124023438,Introduction,0,1,0,0,0,12,1,14.0,Helvetica-Bold,1,0,1.0888888888888888,0,33.36800765991211,14.801994323730469
chemistry_organic_8.pdf,1,31.190000534057617,119.68001556396484,559.4179077148438,136.1680145263672,This study explores fundamental principles and advanced concepts in green chemistry applications.,0,0,0,0,0,97,12,12.0,Helvetica,0,0,0.9333333333333333,1,14.801994323730469,16.171981811523438
chemistry_organic_8.pdf,1,31.190000534057617,152.33999633789062,159.21800231933594,168.86399841308594,Experimental Methods,0,1,0,0,0,20,2,12.0,Helvetica-Bold,1,0,0.9333333333333333,0,16.171981811523438,16.016036987304688
chemistry_organic_8.pdf,1,31.190000534057617,184.88003540039062,468.03790283203125,201.36802673339844,Comprehensive experimental procedures and analytical techniques are described.,0,0,0,0,0,78,8,12.0,Helvetica,0,0,0.9333333333333333,0,16.016036987304688,16.171981811523438
chemistry_organic_8.pdf,1,31.190000534057617,217.54000854492188,166.56199645996094,234.0640106201172,Results and Discussion,0,0,0,0,0,22,3,12.0,Helvetica-Bold,1,0,0.9333333333333333,0,16.171981811523438,16.006027221679688
chemistry_organic_8.pdf,1,31.190000534057617,250.07003784179688,414.6739196777344,266.55804443359375,Experimental findings are analyzed and their implications are discussed.,0,0,0,0,0,72,9,12.0,Helvetica,0,0,0.9333333333333333,0,16.006027221679688,575.3319702148438
