pdf,page,x0,y0,x1,y1,text,is_all_caps,is_title_case,is_numbered,has_colon,has_bullet,length,word_count,avg_font_size,most_common_font,is_bold,is_italic,rel_font_size,is_centered,space_before,space_after,label
chemistry_organic_1.pdf,1,183.77999877929688,30.20000648498535,439.8439636230469,52.23200607299805,Organic Chemistry Fundamentals,0,1,0,0,0,30,3,16.0,Helvetica-Bold,1,0,1.2549019607843137,0,30.20000648498535,33.36800765991211,BODY
chemistry_organic_1.pdf,1,31.190000534057617,85.60001373291016,112.8520050048828,104.87802124023438,Introduction,0,1,0,0,0,12,1,14.0,Helvetica-Bold,1,0,1.0980392156862746,0,33.36800765991211,14.801994323730469,H1
chemistry_organic_1.pdf,1,31.190000534057617,119.68001556396484,564.099853515625,150.33799743652344,This study explores fundamental principles and advanced concepts in organic chemistry,0,0,0,0,0,85,11,12.0,Helvetica,0,0,0.9411764705882352,1,14.801994323730469,16.172042846679688,H2
chemistry_organic_1.pdf,1,31.190000534057617,119.68001556396484,564.099853515625,150.33799743652344,fundamentals.,0,0,0,0,0,13,1,12.0,Helvetica,0,0,0.9411764705882352,0,14.801994323730469,16.172042846679688,BODY
chemistry_organic_1.pdf,1,31.190000534057617,166.51004028320312,159.21800231933594,183.03404235839844,Experimental Methods,0,1,0,0,0,20,2,12.0,Helvetica-Bold,1,0,0.9411764705882352,0,16.172042846679688,16.015975952148438,H2
chemistry_organic_1.pdf,1,31.190000534057617,199.05001831054688,468.0379028320313,215.5380096435547,Comprehensive experimental procedures and analytical techniques are described.,0,0,0,0,0,78,8,12.0,Helvetica,0,0,0.9411764705882352,0,16.015975952148438,16.171981811523438,H2
chemistry_organic_1.pdf,1,31.190000534057617,231.70999145507812,166.56199645996094,248.23399353027344,Results and Discussion,0,0,0,0,0,22,3,12.0,Helvetica-Bold,1,0,0.9411764705882352,0,16.171981811523438,16.016036987304688,H1
chemistry_organic_1.pdf,1,31.190000534057617,264.2500305175781,414.6739196777344,280.738037109375,Experimental findings are analyzed and their implications are discussed.,0,0,0,0,0,72,9,12.0,Helvetica,0,0,0.9411764705882352,0,16.016036987304688,561.1519775390625,H2
