pdf,page,x0,y0,x1,y1,text,is_all_caps,is_title_case,is_numbered,has_colon,has_bullet,length,word_count,avg_font_size,most_common_font,is_bold,is_italic,rel_font_size,is_centered,space_before,space_after
cybersecurity_2.pdf,1,238.89999389648438,30.20000648498535,384.7239685058594,52.23200607299805,AI in Cybersecurity,0,0,0,0,0,19,3,16.0,Helvetica-Bold,1,0,1.2444444444444445,0,30.20000648498535,33.36800765991211
cybersecurity_2.pdf,1,31.190000534057617,85.60001373291016,163.46200561523438,104.87802124023438,Security Landscape,0,1,0,0,0,18,2,14.0,Helvetica-Bold,1,0,1.0888888888888888,0,33.36800765991211,14.801994323730469
cybersecurity_2.pdf,1,31.190000534057617,119.68001556396484,553.369873046875,136.1680145263672,This report examines current cybersecurity threats and defense mechanisms in ai in cybersecurity.,0,0,0,0,0,97,13,12.0,Helvetica,0,0,0.9333333333333333,0,14.801994323730469,16.171981811523438
cybersecurity_2.pdf,1,31.190000534057617,152.33999633789062,137.2220001220703,168.86399841308594,Security Protocols,0,1,0,0,0,18,2,12.0,Helvetica-Bold,1,0,0.9333333333333333,0,16.171981811523438,16.016036987304688
cybersecurity_2.pdf,1,31.190000534057617,184.88003540039062,395.36590576171875,201.36802673339844,Security protocols and best practices are documented and analyzed.,0,0,0,0,0,66,9,12.0,Helvetica,0,0,0.9333333333333333,0,16.016036987304688,16.171981811523438
cybersecurity_2.pdf,1,31.190000534057617,217.54000854492188,137.8820037841797,234.0640106201172,Incident Response,0,1,0,0,0,17,2,12.0,Helvetica-Bold,1,0,0.9333333333333333,0,16.171981811523438,16.006027221679688
cybersecurity_2.pdf,1,31.190000534057617,250.07003784179688,392.6899108886719,266.55804443359375,Incident response procedures and security measures are evaluated.,0,0,0,0,0,65,8,12.0,Helvetica,0,0,0.9333333333333333,0,16.006027221679688,575.3319702148438
