pdf,page,x0,y0,x1,y1,text,is_all_caps,is_title_case,is_numbered,has_colon,has_bullet,length,word_count,avg_font_size,most_common_font,is_bold,is_italic,rel_font_size,is_centered,space_before,space_after
cybersecurity_5.pdf,1,199.77999877929688,30.20000648498535,423.8439636230469,52.23200607299805,Incident Response Strategies,0,1,0,0,0,28,3,16.0,Helvetica-Bold,1,0,1.2549019607843137,0,30.20000648498535,33.36800765991211
cybersecurity_5.pdf,1,31.190000534057617,85.60001373291016,163.46200561523438,104.87802124023438,Security Landscape,0,1,0,0,0,18,2,14.0,Helvetica-Bold,1,0,1.0980392156862746,0,33.36800765991211,14.801994323730469
cybersecurity_5.pdf,1,31.190000534057617,119.68001556396484,564.1029663085938,150.33799743652344,This report examines current cybersecurity threats and defense mechanisms in incident response,0,0,0,0,0,94,12,12.0,Helvetica,0,0,0.9411764705882353,1,14.801994323730469,16.172042846679688
cybersecurity_5.pdf,1,31.190000534057617,119.68001556396484,564.1029663085938,150.33799743652344,strategies.,0,0,0,0,0,11,1,12.0,Helvetica,0,0,0.9411764705882353,0,14.801994323730469,16.172042846679688
cybersecurity_5.pdf,1,31.190000534057617,166.51004028320312,137.2220001220703,183.03404235839844,Security Protocols,0,1,0,0,0,18,2,12.0,Helvetica-Bold,1,0,0.9411764705882353,0,16.172042846679688,16.015975952148438
cybersecurity_5.pdf,1,31.190000534057617,199.05001831054688,395.36590576171875,215.5380096435547,Security protocols and best practices are documented and analyzed.,0,0,0,0,0,66,9,12.0,Helvetica,0,0,0.9411764705882353,0,16.015975952148438,16.171981811523438
cybersecurity_5.pdf,1,31.190000534057617,231.70999145507812,137.8820037841797,248.23399353027344,Incident Response,0,1,0,0,0,17,2,12.0,Helvetica-Bold,1,0,0.9411764705882353,0,16.171981811523438,16.016036987304688
cybersecurity_5.pdf,1,31.190000534057617,264.2500305175781,392.6899108886719,280.738037109375,Incident response procedures and security measures are evaluated.,0,0,0,0,0,65,8,12.0,Helvetica,0,0,0.9411764705882353,0,16.016036987304688,561.1519775390625
