pdf,page,x0,y0,x1,y1,text,is_all_caps,is_title_case,is_numbered,has_colon,has_bullet,length,word_count,avg_font_size,most_common_font,is_bold,is_italic,rel_font_size,is_centered,space_before,space_after,label
cybersecurity_1.pdf,1,177.5500030517578,30.20000648498535,446.0779418945313,52.23200607299805,Cybersecurity Threats and Defense,0,0,0,0,0,33,4,16.0,Helvetica-Bold,1,0,1.2549019607843137,0,30.20000648498535,33.36800765991211,BODY
cybersecurity_1.pdf,1,31.190000534057617,85.60001373291016,163.46200561523438,104.87802124023438,Security Landscape,0,1,0,0,0,18,2,14.0,Helvetica-Bold,1,0,1.0980392156862746,0,33.36800765991211,14.801994323730469,BODY
cybersecurity_1.pdf,1,31.190000534057617,119.68001556396484,564.0999145507812,150.33799743652344,This report examines current cybersecurity threats and defense mechanisms in cybersecurity,0,0,0,0,0,90,11,12.0,Helvetica,0,0,0.9411764705882352,1,14.801994323730469,16.172042846679688,BODY
cybersecurity_1.pdf,1,31.190000534057617,119.68001556396484,564.0999145507812,150.33799743652344,threats and defense.,0,0,0,0,0,20,3,12.0,Helvetica,0,0,0.9411764705882352,0,14.801994323730469,16.172042846679688,BODY
cybersecurity_1.pdf,1,31.190000534057617,166.51004028320312,137.2220001220703,183.03404235839844,Security Protocols,0,1,0,0,0,18,2,12.0,Helvetica-Bold,1,0,0.9411764705882352,0,16.172042846679688,16.015975952148438,H2
cybersecurity_1.pdf,1,31.190000534057617,199.05001831054688,395.3659057617187,215.5380096435547,Security protocols and best practices are documented and analyzed.,0,0,0,0,0,66,9,12.0,Helvetica,0,0,0.9411764705882352,0,16.015975952148438,16.171981811523438,H2
cybersecurity_1.pdf,1,31.190000534057617,231.70999145507812,137.8820037841797,248.23399353027344,Incident Response,0,1,0,0,0,17,2,12.0,Helvetica-Bold,1,0,0.9411764705882352,0,16.171981811523438,16.016036987304688,BODY
cybersecurity_1.pdf,1,31.190000534057617,264.2500305175781,392.6899108886719,280.738037109375,Incident response procedures and security measures are evaluated.,0,0,0,0,0,65,8,12.0,Helvetica,0,0,0.9411764705882352,0,16.016036987304688,561.1519775390625,H2
