pdf,page,x0,y0,x1,y1,text,is_all_caps,is_title_case,is_numbered,has_colon,has_bullet,length,word_count,avg_font_size,most_common_font,is_bold,is_italic,rel_font_size,is_centered,space_before,space_after
environment_climate_8.pdf,1,198.4600067138672,30.20000648498535,425.1639709472656,52.23200607299805,Waste Management Solutions,0,1,0,0,0,26,3,16.0,Helvetica-Bold,1,0,1.2549019607843137,0,30.20000648498535,33.36800765991211
environment_climate_8.pdf,1,31.190000534057617,85.60001373291016,177.44801330566406,104.87802124023438,Environmental Impact,0,1,0,0,0,20,2,14.0,Helvetica-Bold,1,0,1.0980392156862746,0,33.36800765991211,14.801994323730469
environment_climate_8.pdf,1,31.190000534057617,119.68001556396484,564.1038818359375,150.33799743652344,This study assesses environmental impacts and sustainability measures related to waste,0,0,0,0,0,86,11,12.0,Helvetica,0,0,0.9411764705882353,1,14.801994323730469,16.172042846679688
environment_climate_8.pdf,1,31.190000534057617,119.68001556396484,564.1038818359375,150.33799743652344,management solutions.,0,0,0,0,0,21,2,12.0,Helvetica,0,0,0.9411764705882353,0,14.801994323730469,16.172042846679688
environment_climate_8.pdf,1,31.190000534057617,166.51004028320312,163.21400451660156,183.03404235839844,Research Methodology,0,1,0,0,0,20,2,12.0,Helvetica-Bold,1,0,0.9411764705882353,0,16.172042846679688,16.015975952148438
environment_climate_8.pdf,1,31.190000534057617,199.05001831054688,460.7059020996094,215.5380096435547,Comprehensive research methods and data collection procedures are described.,0,0,0,0,0,76,9,12.0,Helvetica,0,0,0.9411764705882353,0,16.015975952148438,16.171981811523438
environment_climate_8.pdf,1,31.190000534057617,231.70999145507812,216.55398559570312,248.23399353027344,Findings and Recommendations,0,0,0,0,0,28,3,12.0,Helvetica-Bold,1,0,0.9411764705882353,0,16.171981811523438,16.016036987304688
environment_climate_8.pdf,1,31.190000534057617,264.2500305175781,363.9979553222656,280.738037109375,Research findings and policy recommendations are presented.,0,0,0,0,0,59,7,12.0,Helvetica,0,0,0.9411764705882353,0,16.016036987304688,561.1519775390625
