pdf,page,x0,y0,x1,y1,text,is_all_caps,is_title_case,is_numbered,has_colon,has_bullet,length,word_count,avg_font_size,most_common_font,is_bold,is_italic,rel_font_size,is_centered,space_before,space_after,label
finance_bofa_2023.pdf,1,171.3300018310547,30.20000648498535,452.28997802734375,52.23200607299805,Bank of America Annual Report 2023,0,0,0,0,0,34,6,16.0,Helvetica-Bold,1,0,1.2549019607843137,0,30.20000648498535,33.36800765991211,BODY
finance_bofa_2023.pdf,1,31.190000534057617,85.60001373291016,158.02999877929688,104.87802124023438,Financial Overview,0,1,0,0,0,18,2,14.0,Helvetica-Bold,1,0,1.0980392156862746,0,33.36800765991211,14.801994323730469,H2
finance_bofa_2023.pdf,1,31.190000534057617,119.68001556396484,564.0989990234375,150.33799743652344,This report provides detailed financial analysis and performance metrics for Bank of America Annual,0,0,0,0,0,99,14,12.0,Helvetica,0,0,0.9411764705882352,1,14.801994323730469,16.172042846679688,H2
finance_bofa_2023.pdf,1,31.190000534057617,119.68001556396484,564.0989990234375,150.33799743652344,Report 2023.,0,1,0,0,0,12,2,12.0,Helvetica,0,0,0.9411764705882352,0,14.801994323730469,16.172042846679688,BODY
finance_bofa_2023.pdf,1,31.190000534057617,166.51004028320312,161.23397827148438,183.03404235839844,Business Performance,0,1,0,0,0,20,2,12.0,Helvetica-Bold,1,0,0.9411764705882352,0,16.172042846679688,16.015975952148438,H2
finance_bofa_2023.pdf,1,31.190000534057617,199.05001831054688,376.6699523925781,215.5380096435547,Key business metrics and operational performance are analyzed.,0,0,0,0,0,62,8,12.0,Helvetica,0,0,0.9411764705882352,0,16.015975952148438,16.171981811523438,H2
finance_bofa_2023.pdf,1,31.190000534057617,231.70999145507812,133.21400451660156,248.23399353027344,Risk Management,0,1,0,0,0,15,2,12.0,Helvetica-Bold,1,0,0.9411764705882352,0,16.171981811523438,16.016036987304688,H2
finance_bofa_2023.pdf,1,31.190000534057617,264.2500305175781,433.38189697265625,280.738037109375,Risk assessment and management strategies are evaluated and presented.,0,0,0,0,0,70,9,12.0,Helvetica,0,0,0.9411764705882352,0,16.016036987304688,561.1519775390625,H2
