pdf,page,x0,y0,x1,y1,text,is_all_caps,is_title_case,is_numbered,has_colon,has_bullet,length,word_count,avg_font_size,most_common_font,is_bold,is_italic,rel_font_size,is_centered,space_before,space_after,label
healthcare_ai_drug_6.pdf,1,213.55999755859375,30.20000648498535,410.0719604492187,52.23200607299805,Healthcare Data Analytics,0,1,0,0,0,25,3,16.0,Helvetica-Bold,1,0,1.2549019607843137,0,30.20000648498535,33.36800765991211,BODY
healthcare_ai_drug_6.pdf,1,31.190000534057617,85.60001373291016,112.8520050048828,104.87802124023438,Introduction,0,1,0,0,0,12,1,14.0,Helvetica-Bold,1,0,1.0980392156862746,0,33.36800765991211,14.801994323730469,H1
healthcare_ai_drug_6.pdf,1,31.190000534057617,119.68001556396484,564.0978393554688,150.33799743652344,This research examines innovative approaches in healthcare data analytics and their impact on,0,0,0,0,0,93,13,12.0,Helvetica,0,0,0.9411764705882352,1,14.801994323730469,16.172042846679688,H2
healthcare_ai_drug_6.pdf,1,31.190000534057617,119.68001556396484,564.0978393554688,150.33799743652344,patient care.,0,0,0,0,0,13,2,12.0,Helvetica,0,0,0.9411764705882352,0,14.801994323730469,16.172042846679688,BODY
healthcare_ai_drug_6.pdf,1,31.190000534057617,166.51004028320312,105.85399627685548,183.03404235839844,Methodology,0,1,0,0,0,11,1,12.0,Helvetica-Bold,1,0,0.9411764705882352,0,16.172042846679688,16.015975952148438,H2
healthcare_ai_drug_6.pdf,1,31.190000534057617,199.05001831054688,477.3979187011719,215.5380096435547,Research methods and clinical protocols are thoroughly documented and explained.,0,0,0,0,0,80,10,12.0,Helvetica,0,0,0.9411764705882352,0,16.015975952148438,16.171981811523438,H2
healthcare_ai_drug_6.pdf,1,31.190000534057617,231.70999145507812,135.88999938964844,248.23399353027344,Clinical Outcomes,0,1,0,0,0,17,2,12.0,Helvetica-Bold,1,0,0.9411764705882352,0,16.171981811523438,16.016036987304688,BODY
healthcare_ai_drug_6.pdf,1,31.190000534057617,264.2500305175781,410.7138977050781,280.738037109375,Patient outcomes and clinical effectiveness are evaluated and reported.,0,0,0,0,0,71,9,12.0,Helvetica,0,0,0.9411764705882352,0,16.016036987304688,561.1519775390625,BODY
