pdf,page,x0,y0,x1,y1,text,is_all_caps,is_title_case,is_numbered,has_colon,has_bullet,length,word_count,avg_font_size,most_common_font,is_bold,is_italic,rel_font_size,is_centered,space_before,space_after
legal_patent_3.pdf,1,215.77999877929688,30.20000648498535,407.8439636230469,52.23200607299805,Data Privacy Regulations,0,1,0,0,0,24,3,16.0,Helvetica-Bold,1,0,1.2444444444444445,0,30.20000648498535,33.36800765991211
legal_patent_3.pdf,1,31.190000534057617,85.60001373291016,146.33999633789062,104.87802124023438,Legal Framework,0,1,0,0,0,15,2,14.0,Helvetica-Bold,1,0,1.0888888888888888,0,33.36800765991211,14.801994323730469
legal_patent_3.pdf,1,31.190000534057617,119.68001556396484,562.7178955078125,136.1680145263672,This document examines legal frameworks and regulatory requirements for data privacy regulations.,0,0,0,0,0,97,12,12.0,Helvetica,0,0,0.9333333333333333,1,14.801994323730469,16.171981811523438
legal_patent_3.pdf,1,31.190000534057617,152.33999633789062,112.56199645996094,168.86399841308594,Case Analysis,0,1,0,0,0,13,2,12.0,Helvetica-Bold,1,0,0.9333333333333333,0,16.171981811523438,16.016036987304688
legal_patent_3.pdf,1,31.190000534057617,184.88003540039062,418.7179260253906,201.36802673339844,Relevant case studies and legal precedents are analyzed and discussed.,0,0,0,0,0,70,10,12.0,Helvetica,0,0,0.9333333333333333,0,16.016036987304688,16.171981811523438
legal_patent_3.pdf,1,31.190000534057617,217.54000854492188,182.5579833984375,234.0640106201172,Compliance Requirements,0,1,0,0,0,23,2,12.0,Helvetica-Bold,1,0,0.9333333333333333,0,16.171981811523438,16.006027221679688
legal_patent_3.pdf,1,31.190000534057617,250.07003784179688,403.3699035644531,266.55804443359375,Compliance obligations and best practices are outlined and explained.,0,0,0,0,0,69,9,12.0,Helvetica,0,0,0.9333333333333333,0,16.006027221679688,575.3319702148438
