pdf,page,x0,y0,x1,y1,text,is_all_caps,is_title_case,is_numbered,has_colon,has_bullet,length,word_count,avg_font_size,most_common_font,is_bold,is_italic,rel_font_size,is_centered,space_before,space_after,label
legal_patent_9.pdf,1,196.67999267578125,30.20000648498535,426.9519653320313,52.23200607299805,Intellectual Property Litigation,0,1,0,0,0,32,3,16.0,Helvetica-Bold,1,0,1.2549019607843137,0,30.20000648498535,33.36800765991211,BODY
legal_patent_9.pdf,1,31.190000534057617,85.60001373291016,146.33999633789062,104.87802124023438,Legal Framework,0,1,0,0,0,15,2,14.0,Helvetica-Bold,1,0,1.0980392156862746,0,33.36800765991211,14.801994323730469,H2
legal_patent_9.pdf,1,31.190000534057617,119.68001556396484,564.101806640625,150.33799743652344,This document examines legal frameworks and regulatory requirements for intellectual property,0,0,0,0,0,93,11,12.0,Helvetica,0,0,0.9411764705882352,1,14.801994323730469,16.172042846679688,H2
legal_patent_9.pdf,1,31.190000534057617,119.68001556396484,564.101806640625,150.33799743652344,litigation.,0,0,0,0,0,11,1,12.0,Helvetica,0,0,0.9411764705882352,0,14.801994323730469,16.172042846679688,BODY
legal_patent_9.pdf,1,31.190000534057617,166.51004028320312,112.56199645996094,183.03404235839844,Case Analysis,0,1,0,0,0,13,2,12.0,Helvetica-Bold,1,0,0.9411764705882352,0,16.172042846679688,16.015975952148438,H2
legal_patent_9.pdf,1,31.190000534057617,199.05001831054688,418.7179260253906,215.5380096435547,Relevant case studies and legal precedents are analyzed and discussed.,0,0,0,0,0,70,10,12.0,Helvetica,0,0,0.9411764705882352,0,16.015975952148438,16.171981811523438,BODY
legal_patent_9.pdf,1,31.190000534057617,231.70999145507812,182.5579833984375,248.23399353027344,Compliance Requirements,0,1,0,0,0,23,2,12.0,Helvetica-Bold,1,0,0.9411764705882352,0,16.171981811523438,16.016036987304688,H2
legal_patent_9.pdf,1,31.190000534057617,264.2500305175781,403.3699035644531,280.738037109375,Compliance obligations and best practices are outlined and explained.,0,0,0,0,0,69,9,12.0,Helvetica,0,0,0.9411764705882352,0,16.016036987304688,561.1519775390625,BODY
