pdf,page,x0,y0,x1,y1,text,is_all_caps,is_title_case,is_numbered,has_colon,has_bullet,length,word_count,avg_font_size,most_common_font,is_bold,is_italic,rel_font_size,is_centered,space_before,space_after,label
marketing_digital_5.pdf,1,199.7899932861328,30.20000648498535,423.83795166015625,52.23200607299805,Email Marketing Optimization,0,1,0,0,0,28,3,16.0,Helvetica-Bold,1,0,1.2444444444444445,0,30.20000648498535,33.36800765991211,H2
marketing_digital_5.pdf,1,31.190000534057617,85.60001373291016,137.7860107421875,104.87802124023438,Market Analysis,0,1,0,0,0,15,2,14.0,Helvetica-Bold,1,0,1.0888888888888888,0,33.36800765991211,14.801994323730469,H2
marketing_digital_5.pdf,1,31.190000534057617,119.68001556396484,562.7178955078125,136.1680145263672,This report analyzes market trends and consumer behavior patterns in email marketing optimization.,0,0,0,0,0,98,13,12.0,Helvetica,0,0,0.9333333333333332,1,14.801994323730469,16.171981811523438,H2
marketing_digital_5.pdf,1,31.190000534057617,152.33999633789062,149.2220001220703,168.86399841308594,Marketing Strategies,0,1,0,0,0,20,2,12.0,Helvetica-Bold,1,0,0.9333333333333332,0,16.171981811523438,16.016036987304688,H2
marketing_digital_5.pdf,1,31.190000534057617,184.88003540039065,412.7059326171875,201.36802673339844,Effective marketing strategies and campaign approaches are evaluated.,0,0,0,0,0,69,8,12.0,Helvetica,0,0,0.9333333333333332,0,16.016036987304688,16.171981811523438,H2
marketing_digital_5.pdf,1,31.190000534057617,217.54000854492188,149.89398193359375,234.0640106201172,Performance Metrics,0,1,0,0,0,19,2,12.0,Helvetica-Bold,1,0,0.9333333333333332,0,16.171981811523438,16.006027221679688,BODY
marketing_digital_5.pdf,1,31.190000534057617,250.07003784179688,384.6619262695313,266.55804443359375,Marketing performance indicators and ROI analysis are presented.,0,0,0,0,0,64,8,12.0,Helvetica,0,0,0.9333333333333332,0,16.006027221679688,575.3319702148438,H2
