pdf,page,x0,y0,x1,y1,text,is_all_caps,is_title_case,is_numbered,has_colon,has_bullet,length,word_count,avg_font_size,most_common_font,is_bold,is_italic,rel_font_size,is_centered,space_before,space_after,label
marketing_digital_1.pdf,1,198.4499969482422,30.20000648498535,425.1859436035156,52.23200607299805,Digital Marketing Trends 2024,0,1,0,0,0,29,4,16.0,Helvetica-Bold,1,0,1.2549019607843137,0,30.20000648498535,33.36800765991211,H2
marketing_digital_1.pdf,1,31.190000534057617,85.60001373291016,137.7860107421875,104.87802124023438,Market Analysis,0,1,0,0,0,15,2,14.0,Helvetica-Bold,1,0,1.0980392156862746,0,33.36800765991211,14.801994323730469,H2
marketing_digital_1.pdf,1,31.190000534057617,119.68001556396484,564.0979614257812,150.33799743652344,This report analyzes market trends and consumer behavior patterns in digital marketing trends,0,0,0,0,0,93,13,12.0,Helvetica,0,0,0.9411764705882352,1,14.801994323730469,16.172042846679688,H2
marketing_digital_1.pdf,1,31.190000534057617,119.68001556396484,564.0979614257812,150.33799743652344,2024.,0,0,0,0,0,5,1,12.0,Helvetica,0,0,0.9411764705882352,0,14.801994323730469,16.172042846679688,H1
marketing_digital_1.pdf,1,31.190000534057617,166.51004028320312,149.2220001220703,183.03404235839844,Marketing Strategies,0,1,0,0,0,20,2,12.0,Helvetica-Bold,1,0,0.9411764705882352,0,16.172042846679688,16.015975952148438,H2
marketing_digital_1.pdf,1,31.190000534057617,199.05001831054688,412.7059326171875,215.5380096435547,Effective marketing strategies and campaign approaches are evaluated.,0,0,0,0,0,69,8,12.0,Helvetica,0,0,0.9411764705882352,0,16.015975952148438,16.171981811523438,H2
marketing_digital_1.pdf,1,31.190000534057617,231.70999145507812,149.89398193359375,248.23399353027344,Performance Metrics,0,1,0,0,0,19,2,12.0,Helvetica-Bold,1,0,0.9411764705882352,0,16.171981811523438,16.016036987304688,BODY
marketing_digital_1.pdf,1,31.190000534057617,264.2500305175781,384.6619262695313,280.738037109375,Marketing performance indicators and ROI analysis are presented.,0,0,0,0,0,64,8,12.0,Helvetica,0,0,0.9411764705882352,0,16.016036987304688,561.1519775390625,H2
