pdf,page,x0,y0,x1,y1,text,is_all_caps,is_title_case,is_numbered,has_colon,has_bullet,length,word_count,avg_font_size,most_common_font,is_bold,is_italic,rel_font_size,is_centered,space_before,space_after,label
ml_research_7.pdf,1,222.0099945068359,30.20000648498535,401.6099853515625,52.23200607299805,Explainable AI Methods,0,0,0,0,0,22,3,16.0,Helvetica-Bold,1,0,1.2549019607843137,0,30.20000648498535,33.36800765991211,BODY
ml_research_7.pdf,1,31.190000534057617,85.60001373291016,112.8520050048828,104.87802124023438,Introduction,0,1,0,0,0,12,1,14.0,Helvetica-Bold,1,0,1.0980392156862746,0,33.36800765991211,14.801994323730469,H1
ml_research_7.pdf,1,31.190000534057617,119.68001556396484,564.1047973632812,150.33799743652344,This paper explores advanced concepts in explainable ai methods and their applications in modern,0,0,0,0,0,96,14,12.0,Helvetica,0,0,0.9411764705882352,1,14.801994323730469,16.172042846679688,BODY
ml_research_7.pdf,1,31.190000534057617,119.68001556396484,564.1047973632812,150.33799743652344,AI systems.,0,0,0,0,0,11,2,12.0,Helvetica,0,0,0.9411764705882352,0,14.801994323730469,16.172042846679688,H2
ml_research_7.pdf,1,31.190000534057617,166.51004028320312,105.85399627685548,183.03404235839844,Methodology,0,1,0,0,0,11,1,12.0,Helvetica-Bold,1,0,0.9411764705882352,0,16.172042846679688,16.015975952148438,H2
ml_research_7.pdf,1,31.190000534057617,199.05001831054688,529.4179077148438,215.5380096435547,We present comprehensive methodologies for implementing and evaluating these techniques.,0,0,0,0,0,88,10,12.0,Helvetica,0,0,0.9411764705882352,0,16.015975952148438,16.171981811523438,H2
ml_research_7.pdf,1,31.190000534057617,231.70999145507812,166.56199645996094,248.23399353027344,Results and Discussion,0,0,0,0,0,22,3,12.0,Helvetica-Bold,1,0,0.9411764705882352,0,16.171981811523438,16.016036987304688,H1
ml_research_7.pdf,1,31.190000534057617,264.2500305175781,530.701904296875,280.738037109375,Our experimental results demonstrate significant improvements in performance and efficiency.,0,0,0,0,0,92,10,12.0,Helvetica,0,0,0.9411764705882352,0,16.016036987304688,561.1519775390625,H1
