pdf,page,x0,y0,x1,y1,text,is_all_caps,is_title_case,is_numbered,has_colon,has_bullet,length,word_count,avg_font_size,most_common_font,is_bold,is_italic,rel_font_size,is_centered,space_before,space_after,label
supply_chain_4.pdf,1,201.57000732421875,30.20000648498535,422.0499877929687,52.23200607299805,Logistics and Transportation,0,0,0,0,0,28,3,16.0,Helvetica-Bold,1,0,1.2549019607843137,0,30.20000648498535,33.36800765991211,BODY
supply_chain_4.pdf,1,31.190000534057617,85.60001373291016,186.79998779296875,104.87802124023438,Supply Chain Overview,0,1,0,0,0,21,3,14.0,Helvetica-Bold,1,0,1.0980392156862746,0,33.36800765991211,14.801994323730469,H2
supply_chain_4.pdf,1,31.190000534057617,119.68001556396484,564.0989379882812,150.33799743652344,This analysis examines supply chain operations and optimization strategies for logistics and,0,0,0,0,0,92,12,12.0,Helvetica,0,0,0.9411764705882352,1,14.801994323730469,16.172042846679688,H2
supply_chain_4.pdf,1,31.190000534057617,119.68001556396484,564.0989379882812,150.33799743652344,transportation.,0,0,0,0,0,15,1,12.0,Helvetica,0,0,0.9411764705882352,0,14.801994323730469,16.172042846679688,BODY
supply_chain_4.pdf,1,31.190000534057617,166.51004028320312,157.8979949951172,183.03404235839844,Operational Efficiency,0,1,0,0,0,22,2,12.0,Helvetica-Bold,1,0,0.9411764705882352,0,16.172042846679688,16.015975952148438,BODY
supply_chain_4.pdf,1,31.190000534057617,199.05001831054688,438.6859436035156,215.5380096435547,Supply chain efficiency metrics and improvement opportunities are identified.,0,0,0,0,0,77,9,12.0,Helvetica,0,0,0.9411764705882352,0,16.015975952148438,16.171981811523438,BODY
supply_chain_4.pdf,1,31.190000534057617,231.70999145507812,130.56199645996094,248.23399353027344,Risk Assessment,0,1,0,0,0,15,2,12.0,Helvetica-Bold,1,0,0.9411764705882352,0,16.171981811523438,16.016036987304688,H2
supply_chain_4.pdf,1,31.190000534057617,264.2500305175781,420.70989990234375,280.738037109375,Supply chain risks and mitigation strategies are evaluated and presented.,0,0,0,0,0,73,10,12.0,Helvetica,0,0,0.9411764705882352,0,16.016036987304688,561.1519775390625,BODY
