{"mean": [0.10106961507324849, 0.18369235713173185, 241.29207920792078, 1561.970297029703, 16.613861386138613], "scale": [0.092932099220437, 0.10806868265461458, 37.87915695102595, 244.76954024266348, 2.257968494767026]}